{
  "extends": [
    "tslint:latest",
    "tslint-react"
  ],
  "rules": {
    "ordered-imports": false,
    "max-line-length": [
      true,
      180
    ],
    "arrow-parens": false,
    "object-literal-sort-keys": false,
    "trailing-comma": false,
    "radix": false,
    "array-type": false,
    "member-ordering": false,
    "semicolon": [
      false
    ],
    "member-access": false,
    "no-var-requires": false,
    "no-conditional-assignment": false,
    "jsx-no-multiline-js": false,
    "no-string-literal": false,
    "typedef": [
      true,
      "call-signature",
      "parameter",
      "member-variable-declaration",
      "property-declaration",
      "variable-declaration"
    ],
    "only-arrow-functions": false,
    "no-console": false,
    "no-shadowed-variable": false,
    "no-submodule-imports": false,
    "prefer-for-of": false,
    "no-unused-expression": [
      true,
      "allow-fast-null-checks"
    ],
    "prefer-conditional-expression": false,
    "no-implicit-dependencies": false,
    "no-bitwise": false,
    "jsx-no-string-ref": false
  }
}
